id,name,coord_east,coord_north,type,tambon,amphoe,province,description
1,ทุ่งบัวตอง,404225.000,2086000.000,ภูเขา,แม่อูคอ,ขุนยวม,แม่ฮ่องสอน,แหล่งท่องเที่ยวสำคัญของจังหวัด
2,ดอยกองมู,391125.000,2134000.000,ภูเขา,จองคำ,เมือง,แม่ฮ่องสอน,เป็นที่ประดิษฐานพระธาตุดอยกองมูล
3,ถ้ำน้ำลอด,425300.000,2164875.000,ถ้ำ,ถ้ำน้ำลอด,ปางมะผ้า,แม่ฮ่องสอน,เป็นแหล่งสำคัญทางประวัติศาสตร์และโบราณคดี
4,น้ำตกผาเสื่อ,390925.000,2155575.000,น้ำตก,หมอกป่าแป๋,เมือง,แม่ฮ่องสอน,แหล่งท่องเที่ยวภายในท้องถิ่น
5,ถ้ำปลา,394000.000,2149000.000,ถ้ำ,ห้วยผา,เมือง,แม่ฮ่องสอน,แหล่งท่องเที่ยวสำคัญของจังหวัด
6,น้ำตกแม่สุริน,402650.000,2093875.000,น้ำตก,-,ขุนยวม,แม่ฮ่องสอน,เป็นน้ำตกที่สูงที่สุดในภาคเหนือ
7,ถ้ำเชียงดาว,491150.000,2143700.000,ถ้ำ,เชียงดาว,เชียงดาว,เชียงใหม่,แหล่งท่องเที่ยวสำคัญของ อ.เชียงดาว
8,ถ้ำเมืองออน,527550.000,2076825.000,ถ้ำ,สหกรณ์,สันกำแพง,เชียงใหม่,แหล่งท่องเที่ยวสำคัญของจังหวัด
9,น้ำตกห้วยแก้ว,494325.000,2079700.000,น้ำตก,เทศบาลนครเชียงใหม่,เมือง,เชียงใหม่,แหล่งท่องเที่ยวสำคัญของจังหวัด
10,น้ำตกแม่ยะ,457325.000,2038625.000,น้ำตก,บ้านหลวง,จอมทอง,เชียงใหม่,แหล่งท่องเที่ยวสำคัญของจังหวัด
11,น้ำตกแม่กลาง,465300.000,2044875.000,น้ำตก,บ้านหลวง,จอมทอง,เชียงใหม่,ทัศนียภาพสวยงามเป็นที่พักผ่อนหย่อนใจ
12,น้ำตกแม่สา,489450.000,2089675.000,น้ำตก,แม่แรม,แม่ริน,เชียงใหม่,แหล่งท่องเที่ยวสำคัญของจังหวัด
13,โป่งเดือดป่าแป๋,468525.000,2126125.000,โป่งน้ำพุร้อน,ป่าแป๋,แม่แตง,เชียงใหม่,แหล่งท่องเที่ยวธรรมชาติศึกษาวิทยาที่สำคัญ
14,บ่อน้ำร้อนฝาง,516400.000,2207500.000,โป่งน้ำพุร้อน,โป่งน้ำร้อน,ฝาง,เชียงใหม่,แหล่งพลังงานในโครงการพลังงานความร้อนใต้พิภพฝาง(ระยะที่ 1)
15,ออบหลวง,445650.000,2014375.000,สัณฐานอื่นๆที่มีความสำคัญทางธรณีสัณฐานวิทยาและภูมิลักษณวรรณนา,ฮอด,ฮอด,เชียงใหม่,ทัศนียภาพสวยงามเป็นที่พักผ่อนหย่อนใจ
16,ผาจ้อ,470400.000,2049200.000,สัณฐานอื่นๆที่มีความสำคัญทางธรณีสัณฐานวิทยาและภูมิลักษณวรรณนา,ยางคราม,จอมทอง,เชียงใหม่,แหล่งศึกษาทางธรณีวิทยา
17,ถ้ำหลวงนางนอน (เขานางนอน),591300.000,2252675.000,ถ้ำ,โป่งผา,แม่สาย,เชียงราย,ทัศนียภาพสวยงามเป็นแหล่งท่องเที่ยวที่สำคัญ
18,น้ำตกขุนกรณ์,568775.000,2195750.000,น้ำตก,แม่กรณ์,เมือง,เชียงราย,เป็นน้ำตกที่สูงที่สุดของจ. เชียงราย
19,น้ำตกปูแกง,575850.000,2150000.000,น้ำตก,แม่เย็น,พาน,เชียงราย,แหล่งท่องเที่ยวและแหล่งธรรมชาติศึกษา
20,หาดทรายริมน้ำแม่กก (พัทยา2),585725.000,2202750.000,หาดทราย,รอบเวียง,เมือง,เชียงราย,ทัศนียภาพสวยงามเป็นแหล่งท่องเที่ยวที่สำคัญ
21,น้ำตกภูซาง,645275.000,2175800.000,น้ำตก,ภูซาง,เชียงคำ,พะเยา,ทัศนียภาพสวยงามเป็นแหล่งท่องเที่ยวที่สำคัญ
22,น้ำตกจำปาทอง,576850.000,2125525.000,น้ำตก,บ้านต๋ำ,เมือง,พะเยา,ทัศนียภาพสวยงามเป็นแหล่งท่องเที่ยวที่สำคัญและแหล่งศึกษาธรรมชาติ
23,กว๊านพะเยา,592625.000,2118575.000,ทะเลสาบ,เทศบาลเมืองพะเยา,เมือง,พะเยา,แหล่งน้ำธรรมชาติที่สำคัญที่สุดของจังหวัด
24,ฝั่งต้า,640350.000,2086700.000,สัณฐานอื่นๆที่มีความสำคัญทางธรณีสัณฐานวิทยาและภูมิลักษณวรรณนา,เชียงม่วน,เชียงม่วน,พะเยา,ทัศนียภาพสวยงามเป็นแหล่งท่องเที่ยวที่สำคัญ
25,ถ้ำหลวงผาเวียง,486000.000,2013225.000,ถ้ำ,ป่าพลู,บ้านโฮ่ง,ลำพูน,ทัศนียภาพสวยงามเป็นแหล่งท่องเที่ยวที่สำคัญ
26,น้ำตกแม่ก้อ,480850.000,1943925.000,น้ำตก,ก้อ,ลี้,ลำพูน,ทัศนียภาพสวยงามเป็นแหล่งท่องเที่ยวที่สำคัญ
27,ถ้ำผาไท,594825.000,2057075.000,ถ้ำ,บ้านหวด,งาว,ลำปาง,ทัศนียภาพสวยงามเป็นแหล่งท่องเที่ยวที่สำคัญและแหล่งศึกษาธรรมชาติ
28,น้ำตกวังแก้ว,571575.000,2135875.000,น้ำตก,ทุ่งฮั้ว,วังเหนือ,ลำปาง,ทัศนียภาพสวยงามเป็นแหล่งท่องเที่ยวที่สำคัญ
29,น้ำตกแจ้ช้อน-น้ำพุร้อนแจซ้อน,540775.000,2081100.000,น้ำตก-โป่งพุร้อน,แจ้ซ้อน,เมืองปาน,ลำปาง,ทัศนียภาพสวยงามเป็นแหล่งท่องเที่ยวที่สำคัญ
30,แก่งหลวง,600625.000,1992675.000,แก่ง,บ้านปิน,ลอง,แพร่,ทัศนียภาพสวยงามเป็นแหล่งท่องเที่ยวที่สำคัญ
31,ถ้ำผานางคอย,642900.000,2030825.000,ถ้ำ,ร้องกวาง,ร้องกวาง,แพร่,เป็นสถานที่ศักดิ์สิทธิ์ของชาวบ้าน
32,น้ำตกห้วยโรง,654325.000,2039225.000,น้ำตก,ห้วยโรง,ร้องกวาง,แพร่,ทัศนียภาพสวยงามเป็นแหล่งท่องเที่ยวที่สำคัญ
33,แพะเมืองผี,631900.000,2011350.000,สัณฐานอื่นๆที่มีความสำคัญทางธรณีสัณฐานวิทยาและภูมิลักษณวรรณนา,น้ำชำ,เมือง,แพร่,แหล่งศึกษาทางธรณีวิทยาและสถานที่ท่องเที่ยวสำคัญของจังหวัด
34,ถ้ำผาตูบ,682900.000,2086800.000,ถ้ำ,ผาสิงห์,เมือง,น่าน,ทัศนียภาพสวยงามเป็นแหล่งท่องเที่ยวที่สำคัญ
35,ถ้ำผามอง-ถ้ำผาเวียง,680400.000,2039750.000,ถ้ำ,ส้าน,เวียงสา,น่าน,ทัศนียภาพสวยงามเป็นแหล่งท่องเที่ยวที่สำคัญ
36,น้ำตกศิลาเพชร,705600.000,2113100.000,น้ำตก,ศิลาเพชร,ปัว,น่าน,ทัศนียภาพสวยงามมีฝายน้ำย่างทดน้ำบริเวณหน้าน้ำตกเพื่อนำไปใช้ในการเกษตรของ ต.ศิลาเพชร
37,เสาดิน-ฮ่อมจ๊อม,685525.000,2022000.000,สัณฐานอื่นๆที่มีความสำคัญทางธรณีสัณฐานวิทยาและภูมิลักษณวรรณนา,เชียงของ,นาน้อย,น่าน,แหล่งศึกษาทางธรณีวิทยา
38,น้ำตกธารารักษ์,469625.000,1830325.000,น้ำตก,มหาวัน,แม่สอด,ตาก,ทัศนียภาพสวยงามเป็นที่พักผ่อนหย่อนใจ
39,ถ้ำแม่อุสุ,410950.000,1912950.000,ถ้ำ,แม่ด้าน,ท่าสองยาง,ตาก,แหล่งท่องเที่ยวสำคัญของจังหวัด
40,น้ำตกลานสาง,500275.000,1853625.000,น้ำตก,แม่ห้อ,เมือง,ตาก,แหล่งท่องเที่ยวสำคัญของจังหวัดและเป็นแหล่งต้นน้ำลำธาร
41,น้ำตกพาเจริญ,485045.000,1821900.000,น้ำตก,ช่องแคบ,พบพระ,ตาก,ทัศนียภาพสวยงามเป็นที่พักผ่อนหย่อนใจ
42,น้ำตกทีลอซู,477450.000,1763550.000,น้ำตก,แม่จัน,อุ้มผาง,ตาก,น้ำตกหินปูนที่มีขนาดใหญ่ที่สุดในประเทศไทยและเป็นอันดับ 6 ของโลก
43,เขาสน,534500.000,1832125.000,ภูเขา,โกสัมพี,เมือง,กำแพงเพชร,ป่าสงวนแห่งชาติที่อยู่ใกล้ตัวจังหวัดที่สุด
44,น้ำตกคลองลาน,531000.000,1782750.000,น้ำตก,คลองลานพัฒนา,คลองลาน,กำแพงเพชร,แหล่งท่องเที่ยวสำคัญของจังหวัด
45,น้ำตกคลองน้ำไหล (น้ำตกปางควาย),529425.000,1791825.000,น้ำตก,คลองน้ำไหล,คลองลาน,กำแพงเพชร,ทัศนียภาพสวยงามเป็นที่พักผ่อนหย่อนใจ
46,ถ้ำนเรศวร,678100.000,1824900.000,ถ้ำ,บ้านมุง,เนินมะปราง,พิษณุโลก,แหล่งศึกษาธรรมชาติในพื้นที่ป่าสงวนแห่งชาติป่าลุ่มน้ำวังทองฝั่งซ้าย
47,น้ำตกชาติตระการ,679225.000,1913075.000,น้ำตก,ชาติตระการ,ชาติตระการ,พิษณุโลก,แหล่งท่องเที่ยวสำคัญของจังหวัด
48,น้ำตกแก่งโสภา,695750.000,1865400.000,น้ำตก,บ้านแยง,วังทอง,พิษณุโลก,แหล่งท่องเที่ยวสำคัญของจังหวัด
49,น้ำตกปอย,686625.000,1862800.000,น้ำตก,แก่งโสภา,วังทอง,พิษณุโลก,ทัศนียภาพสวยงามเป็นที่พักผ่อนหย่อนใจ
50,ถ้ำลม-ถ้ำวัง,557300.000,1908425.000,ถ้ำ,ขุนไกร,ทุ่งเสลี่ยม,สุโขทัย,แหล่งท่องเที่ยวและแหล่งธรรมชาติศึกษา
51,น้ำตกสายรุ้ง,568250.000,1860500.000,น้ำตก,บ้านน้ำพุ,คีรีมาศ,สุโขทัย,น้ำตกที่สวยที่สุดในอุทยานแห่งชาติรามคำแหง
52,น้ำตกตาดดาว,552275.000,1940800.000,น้ำตก,บ้านแก่ง,ศรีสัชนาลัย,สุโขทัย,แหล่งท่องเที่ยวและแหล่งธรรมชาติศึกษา
53,บึงสีไฟ,643225.000,1815925.000,บึง,เทศบาลเมืองพิจิตร,เมือง,พิจิตร,แหล่งท่องเที่ยวสำคัญของจังหวัด
54,น้ำตกศรีดิษฐ์,707000.000,1840000.000,น้ำตก,เขาค้อ,เขาค้อ,เพชรบูรณ์,เคยเป็นฐานของ ผกค.  และเป็นแหล่งท่องเที่ยวสำคัญของจังหวัด
55,น้ำตกตาดหมอก,745300.000,1887775.000,น้ำตก,นาป่า,หล่มเก่า,เพชรบูรณ์,แหล่งท่องเที่ยวและแหล่งธรรมชาติศึกษา
56,ลานหินปุ่ม-ลานหินแตก,708500.000,1874750.000,ภูเขา,เนินเพิ่ม,หล่มสัก,เพชรบูรณ์,"ได้ชื่อว่าเป็น""ลานเลือด""เพราะเป็นสมรภูมิสู้รบระหว่างทหารรัฐบาลกับพคท.เมื่อปี พ.ศ. 2515"
57,เขาแก้ว-เขาหน่อและใกล้เคียง,594325.000,1762375.000,ภูเขา,บ้านแดย,บรรพตพิสัย,นครสวรรค์,"พบรอยพระพุทธบาทและร่องรอยทางโบราณคดี,แหล่งท่องเที่ยวที่สำคัญของจังหวัด"
58,บึงบอระเพ็ด,631450.000,1736550.000,"หนอง,บึง",-,เมือง,นครสวรรค์,"เป็นบึงน้ำจืดที่ใหญ่ที่สุดในประเทศไทยและเป็นที่อยู่ของ""นกเจ้าฟ้าหญิงสิรินทร"""
59,เขาฆ้องชัย,563525.000,1706675.000,ภูเขา,ป่าอ้อ,ลานสัก,อุทัยธานี,เป็นแหล่งสำคัญทางประวัติศาสตร์และโบราณคดี
60,น้ำตกไซเบอร์(น้ำตกหินลาด),544400.000,1684700.000,น้ำตก,ทองหลาง,ห้วยคต,อุทัยธานี,ทัศนียภาพสวยงามเป็นที่พักผ่อนหย่อนใจ
61,น้ำตกวังก้านเหลือง,731150.000,1677750.000,น้ำตก,ท่าดินดำ,ชัยบาดาล,ลพบุรี,ทัศนียภาพสวยงามเป็นที่พักผ่อนหย่อนใจ
62,บึงแม่ลา,643075.000,1652625.000,บึง,-,เมือง,สิงห์บุรี,เป็นสถานที่ที่เป็นเอกลักษณ์ของท้องถิ่น
63,น้ำตกมวกเหล็ก,737325.000,1619150.000,น้ำตก,มวกเหล็ก,มวกเหล็ก,สระบุรี,ทัศนียภาพสวยงามเป็นที่พักผ่อนหย่อนใจ
64,น้ำตกเจ็ดสาวน้อย,735550.000,1628150.000,น้ำตก,มวกเหล็ก,มวกเหล็ก,สระบุรี,ทัศนียภาพสวยงามเป็นที่พักผ่อนหย่อนใจ
65,บึงพระราม,668878.995,1587314.848,"หนอง,บึง",ประตูชัย,พระนครศรีอยุธยา,พระนครศรีอยุธยา,แหล่งท่องเที่ยวสำคัญของจังหวัด
66,ถ้ำธารลอด,531175.000,1622875.000,ถ้ำ,เขาโจด,ศรีสวัสดิ์,กาญจนบุรี,ทัศนียภาพสวยงามเป็นแหล่งท่องเที่ยวที่สำคัญ
67,ถ้ำพระธาตุ,509000.000,1595175.000,ถ้ำ,ท่ากระดาน,ศรีสวัสดิ์,กาญจนบุรี,ทัศนียภาพสวยงามเป็นแหล่งท่องเที่ยวที่สำคัญและเป็นแหล่งศึกษาทางโบราณคดี
68,ถ้ำดาวดึงส์,481675.000,1599400.000,ถ้ำ,ไทรโยค,ไทรโยค,กาญจนบุรี,ทัศนียภาพสวยงามเป็นแหล่งท่องเที่ยวที่สำคัญ
69,ถ้ำละว้า,496450.000,1580750.000,ถ้ำ,วังกระแจะ,ไทรโยค,กาญจนบุรี,ทัศนียภาพสวยงามเป็นแหล่งท่องเที่ยวที่สำคัญและเป็นแหล่งศึกษาทางโบราณคดี
70,น้ำตกเขาพัง(น้ำตกไทรโยคน้อย),507125.000,1574400.000,น้ำตก,ท่าเสา,ไทรโยค,กาญจนบุรี,ทัศนียภาพสวยงามเป็นแหล่งท่องเที่ยวที่สำคัญ
71,น้ำตกไทรโยคใหญ่,484600.000,1595350.000,น้ำตก,ไทรโยค,ไทรโยค,กาญจนบุรี,ทัศนียภาพสวยงามเป็นแหล่งท่องเที่ยวที่สำคัญ
72,น้ำตกห้วยขมิ้น,502750.000,1616275.000,น้ำตก,-,ศรีสวัสดิ์,กาญจนบุรี,ทัศนียภาพสวยงามเป็นแหล่งท่องเที่ยวที่สำคัญ
73,น้ำตกเอราวัณ (เขาสลอบ),515675.000,1587875.000,น้ำตก,ท่ากระดาน,ศรีสวัสดิ์,กาญจนบุรี,ทัศนียภาพสวยงามเป็นแหล่งท่องเที่ยวที่สำคัญ
74,สวนหิน,550525.000,1549575.000,สัณฐานอื่นๆที่มีความสำคัญทางธรณีสัณฐานวิทยา,ทุ่งนาคราช,เมือง,กาญจนบุรี,ทัศนียภาพสวยงามเป็นแหล่งท่องเที่ยวที่สำคัญ
75,เขางู,584000.000,1500100.000,ภูเขา,เกาะพลับเพลา,เมือง,ราชบุรี,เป็นเอกลักษณ์ของท้องถิ่นและเป็นสถานที่ศักดิ์สิทธิ์
76,ถ้ำเขาบิน,572200.000,1502600.000,ถ้ำ,หินกอง,เมือง,ราชบุรี,เป็นเอกลักษณ์ของท้องถิ่น
77,ถ้ำจอมพล,564075.000,1505875.000,ถ้ำ,จอมบึง,จอมบึง,ราชบุรึ,ทัศนียภาพสวยงามเป็นแหล่งท่องเที่ยวที่สำคัญและเป็นสถานที่ศักดิ์สิทธิ์
78,เขาเจ้าลาย,603150.000,1418050.000,ภูเขา,เทศบาล ต.ชะอำ,ชะอำ,เพชรบุรึ,ทัศนียภาพสวยงามเป็นแหล่งท่องเที่ยวที่สำคัญและเป็นเอกลักษณ์ของท้องถิ่น
79,เขาวัง,601925.000,1449075.000,ภูเขา,เทศบาลนครเพชรบุรี,เมือง,เพชรบุรี,เป็นเอกลักษณ์ของท้องถิ่น
80,ถ้ำเขาหลวง,601575.000,1452150.000,ถ้ำ,ธงไชย,เมือง,เพชรบุรี,เป็นที่ประดิษฐานพระพุทธรูปปางมารวิชัยที่รัชกาลที่ 5สร้างเป็นพระราชกุศลแด่ราชวงศ์จักรี
81,หาดเจ้าสำราญ,615875.000,1437650.000,หาดทราย,เจ้าสำราญ,เมือง,เพชรบุรี,ทัศนียภาพสวยงามเป็นแหล่งท่องเที่ยวที่สำคัญและเกี่ยวข้องทางประวัติศาตร์
82,หาดชะอำ,607525.000,1415575.000,หาดทราย,ชะอำ,ชะอำ,เพชรบุรี,ทัศนียภาพสวยงามเป็นแหล่งท่องเที่ยวที่สำคัญ
83,น้ำตกห้วยยาง,566900.000,1285100.000,น้ำตก,ห้วยยาง,ทับสะแก,ประจวบคีรีขันธ์,ทัศนียภาพสวยงามเป็นแหล่งท่องเที่ยวที่สำคัญ
84,หาดวนกร,576800.000,1285800.000,หาดทราย,ห้วยยาง,ทับสะแก,ประจวบคีรีขันธ์,ทัศนียภาพสวยงามเป็นแหล่งท่องเที่ยวที่สำคัญ
85,หาดหัวหิน,605000.000,1388375.000,หาดทราย,หัวหิน,หัวหิน,ประจวบคีรีขันธ์,มีโครงสร้างทางธรรมชาติที่ดี ทัศนียภาพสวยงามเป็นแหล่งท่องเที่ยวที่สำคัญ
86,เขาเต่า,606775.000,1376750.000,ภูเขา,หนองแก,หัวหิน,ประจวบคีรีขันธ์,ทัศนียภาพสวยงามเป็นแหล่งท่องเที่ยวที่สำคัญ
87,ดอนหอยหลอด,612375.000,1478750.000,หาดทราย,บางจะเกร็ง,เมือง,สมุทรสงคราม,แหล่งท่องเที่ยวสำคัญของจังหวัด
88,น้ำตกนางรอง,750875.000,1585675.000,น้ำตก,หินตั้ง,เมือง,นครนายก,ทัศนียภาพสวยงามเป็นแหล่งท่องเที่ยวที่สำคัญ
89,น้ำตกสาริกา,743925.000,1582900.000,น้ำตก,สาลิกา,เมือง,นครนายก,ทัศนียภาพสวยงามเป็นแหล่งท่องเที่ยวที่สำคัญ
90,แก่งสลัดได,778950.000,1570975.000,แก่ง,บุฝ้าย,ประจันตคาม,ปราจีนบุรี,เป็นแหล่งต้นน้ำลำธารจากอุทยานแห่งชาติเขาใหญ่และเป็นแหล่งศึกษาด้านวิทยาศาสตร์และภูมิศาสตร์
91,น้ำตกเขาอีโต้,760350.000,1566000.000,น้ำตก,บ้านพระ,เมือง,ปราจีนบุรี,เป็นเอกลักษณ์ของท้องถิ่น
92,น้ำตกห้วยเกษียร,764500.000,1566950.000,น้ำตก,ดงขี้เหล็ก,เมือง,ปราจีนบุรี,เป็นเอกลักษณ์ของท้องถิ่น
93,เขาหินซ้อน,771800.000,1522125.000,ภูเขา,เขาหินซ้อน,พนมสารคาม,ฉะเชิงเทรา,เป็นเอกลักษณ์ของท้องถิ่น
94,เกาะสีชัง,696300.000,1454275.000,เกาะ,-,ศรีราชา,ชลบุรี,เป็นเอกลักษณ์ของท้องถิ่นและเป็นสถานที่มีความสำคัญทางประวัติศาตร์
95,หาดบางแสน,707075.000,1469750.000,หาดทราย,แสนสุข,เมือง,ชลบุรี,ทัศนียภาพสวยงามเป็นแหล่งท่องเที่ยวที่สำคัญ
96,หาดพัทยา,704559.575,1430663.605,หาดทราย,เทศบาลเมืองพัทยา,บางละมุง,ชลบุรี,ทัศนียภาพสวยงามเป็นแหล่งท่องเที่ยวที่สำคัญและมีชื่อเสียงมากที่สุดแห่งหนึ่งของประเทศไทย
97,หาดจอมเทียน,704161.684,1424736.755,หาดทราย,เทศบาลเมืองพัทยา,บางละมุง,ชลบุรี,ทัศนียภาพสวยงามเป็นแหล่งท่องเที่ยวที่สำคัญ
98,น้ำตกเขาชะเมา(น้ำตกคลองน้ำใส),796125.000,1429150.000,น้ำตก,น้ำเป็น,แกลง,ระยอง,ทัศนียภาพสวยงามเป็นแหล่งท่องเที่ยวที่สำคัญ
99,น้ำตกธรรมรส,761075.000,1440175.000,น้ำตก,ป่ายูนใน,วังจันทร์,ระยอง,ทัศนียภาพสวยงามเป็นแหล่งท่องเที่ยวที่สำคัญ
100,หาดทรายแก้ว (เกาะเสม็ด),768032.674,1390241.760,หาดทราย,-,เมือง,ระยอง,ทัศนียภาพสวยงามเป็นแหล่งท่องเที่ยวที่สำคัญ
101,หาดแม่รำพึง,754947.655,1397060.928,หาดทราย,ตะพง,เมือง,ระยอง,ทัศนียภาพสวยงามเป็นแหล่งท่องเที่ยวที่สำคัญ
102,แหลมแม่พิม,787559.954,1398864.783,หาดทราย,เทศบาลสุนทรภู่,เมือง,ระยอง,ทัศนียภาพสวยงามเป็นแหล่งท่องเที่ยวที่สำคัญ
105,หาดคุ้งวิมาน,812497.637,1394838.303,หาดทราย,คลองขุด,ท่าใหม่,จันทบุรี,ทัศนียภาพสวยงามเป็นแหล่งท่องเที่ยวที่สำคัญ
106,แหลมเสด็จคุ้งกระเบน,814372.637,1391063.303,หาดทราย,คลองขุด,ท่าใหม่,จันทบุรี,ทัศนียภาพสวยงามเป็นแหล่งท่องเที่ยวที่สำคัญ
114,ผาเกิ้ง,808519.816,1771007.501,ภูเขา,กุดชุมแพ,หนองบัวแคง,ชัยภูมิ,เป็นจุดชมทัศนียภาพที่สวยงามเป็นแหล่งท่องเที่ยวที่สำคัญ
115,ถ้ำวัวแดง (ถ้ำพระ),760075.000,1776625.000,ถ้ำ,นางแดด,หนองบังแดง,ชัยภูมิ,เป็นที่ประดิษฐานพระพุทธรูปและเป็นที่ปฏิบัติธรรมของพระสงฆ์และชาวบ้าน
118,บึงละหาน,809293.503,1731323.058,"หนอง,บึง",ละหาน,จตุรัส,ชัยภูมิ,"เป็นแหล่งขยายพันธ์ปลารวมทั้งเป็นแหล่งน้ำประปา,ทำประมงและจัดประเพณีทางน้ำ"
119,ป่าหินงาม,757450.000,1730850.000,ภูเขา,บ้านไร่,เทพสถิต,ชัยภูมิ,แหล่งท่องเที่ยวสำคัญของจังหวัด
122,ถ้ำผาพวง,820550.000,1862500.000,ถ้ำ,หนองเขียด,ชุมแพ,ขอนแก่น,แหล่งศึกษาธรรมชาติ
123,ผานกเค้า,815137.086,1864117.196,ภูเขา,ผานกเค้า,ชุมแพ,ขอนแก่น,เป็นภูเขาที่อยู่ใกล้ชุมชนและเป็นที่มาของชื่อตำบล
132,แก่งคุดคู้,778400.000,1979825.000,แก่ง,เชียงคาน,เชียงคาน,เลย,แหล่งท่องเที่ยวสำคัญของจังหวัด
133,ภูกระดึง,797175.000,1868550.000,ภูเขา,ศรีฐาน,ภูกระดึง,เลย,แหล่งท่องเที่ยวสำคัญของจังหวัด
134,ภูเรือ,752100.000,1935475.000,ภูเขา,หนองบัว,ภูเรือ,เลย,แหล่งท่องเที่ยวสำคัญของจังหวัด
135,ภูหลวง,774700.000,1905450.000,ภูเขา,ภูหลวง,วังสระพุง,เลย,"เป็นเขตรักษาพันธ์สัตว์ป่าที่มีเนื้อที่ 530,000 ไร่ถือเป็นแหล่งท่องเที่ยวสำคัญของจังหวัด"
136,ถ้ำผาพวง (ถ้ำผาพุง),784225.000,1917600.000,ถ้ำ,เขาหลวง,วังสะพุง,เลย,เป็นสถานที่ปฏิบัติธรรมของพระสงฆ์
137,ถ้ำผาปู่,788100.000,1945350.000,ถ้ำ,นาอ้อ,เมือง,เลย,แหล่งท่องเที่ยวสำคัญของจังหวัดและเป็นแหล่งศักดิ์สิทธิ์
160,น้ำตกเหวสุวัต,760550.000,1597000.000,น้ำตก,หมูสี,ปากช่อง,นครราชสีมา,เป็นน้ำตกที่มีชื่อเสียงมากในอุทยานแห่งชาติเขาใหญ่
161,น้ำตกหลังเหว,756425.000,1630200.000,น้ำตก,ปากช่อง,ปากช่อง,นครราชสีมา,เป็นเอกลักษณ์ของท้องถิ่น
176,ถ้ำเขาเกรียบ,504600.000,1085400.000,ถ้ำ,บ้านคาน,หลังสวน,ชุมพร,ทัศนียภาพสวยงามเป็นแหล่งท่องเที่ยวที่สำคัญและเป็นสถานที่ศักดิ์สิทธิ์
177,น้ำตกกะเปาะ,525150.000,1186350.000,น้ำตก,สลุย,ท่าแซะ,ชุมพร,เป็นน้ำตกที่เกิดจากโครงสร้างทางธรรมชาติที่หายาก และทัศนียภาพสวยงามเป็นแหล่งท่องเที่ยวที่สำคัญ
178,น้ำตกทับช้าง (ทุ่งตะโก ),501900.000,1117075.000,น้ำตก,ตะโก,กิ่งอ.ทุ่งตะโก,ชุมพร,ทัศนียภาพสวยงามเป็นแหล่งท่องเที่ยวที่สำคัญและเป็นจุดเริ่มของการประกาศอุทยานแห่งชาติน้ำตกคลองเพรา
179,หาดอรุโณทัย,516725.000,1116650.000,หาดทราย,ปากตะโก,ทุ่งตะโก,ชุมพร,ทัศนียภาพสวยงามเป็นแหล่งท่องเที่ยวที่สำคัญของจังหวัด
180,หาดทรายรี,530928.450,1149149.891,หาดทราย,ปากน้ำ,เมือง,ชุมพร,ทัศนียภาพสวยงามควรค่าแก่การอนุรักษ์ไว้รวมทั้งมีความสำคัญทางประวัติศาตร์
181,ทะเลใน (หมู่เกาะอ่างทอง),573344.656,1067081.389,หาดทราย,อ่างทอง,เกาะสมุย,สุราษฎร์ธานี,ทัศนียภาพสวยงามเป็นแหล่งท่องเที่ยวที่สำคัญ
182,น้ำตกเขาแพง,611925.000,1077975.000,น้ำตก,เกาะพะงัน,เกาะพะงัน,สุราษฎร์ธานี,ทัศนียภาพสวยงามเป็นแหล่งท่องเที่ยวที่สำคัญ
183,น้ำตกหินลาด,606000.000,1052850.000,น้ำตก,เกาะสมุย,เกาะสมุย,สุราษฎร์ธานี,เป็นน้ำตกที่เกิดจากภูเขาหินแกรนิตทัศนียภาพสวยงามเป็นแหล่งท่องเที่ยวที่สำคัญ
184,น้ำตกหน้าเมือง,609100.000,1046350.000,น้ำตก,หน้าเมือง,เกาะสมุย,สุราษฎร์ธานี,ทัศนียภาพสวยงามเป็นแหล่งท่องเที่ยวที่สำคัญ
185,หาดเฉวง,616575.000,1052475.000,หาดทราย,บ่อผุด,เกาะสมุย,สุราษฎร์ธานี,ทัศนียภาพสวยงามเป็นแหล่งท่องเที่ยวที่สำคัญ
186,หาดละไม,615175.000,1046250.000,ชายหาด,มะเร็ต,เกาะสมุย,สุราษฎร์ธานี,ทัศนียภาพสวยงามเป็นแหล่งท่องเที่ยวที่สำคัญเป็นหาดทรายขาวละเอียด
187,หินตา-หินยาย,613000.000,1043850.000,สัณฐานอื่นๆที่มีความสำคัญทางธรณีสัณฐานวิทยา,มะเร็ต,เกาะสมุย,สุราษฎร์ธานี,ทัศนียภาพสวยงามเป็นแหล่งท่องเที่ยวที่สำคัญและเป็นเอกลักษณ์ของท้องถิ่น
188,น้ำตกพรหมโลก,586848.562,942558.320,น้ำตก,บ้านเกาะ,พรหมคีรี,นครศรีธรรมราช,ทัศนียภาพสวยงามเป็นแหล่งท่องเที่ยวที่สำคัญ
189,น้ำตกโยง,581375.000,904300.000,น้ำตก,ถ้ำใหญ่,ทุ่งสง,นครศรีธรรมราช,ทัศนียภาพสวยงามเป็นแหล่งท่องเที่ยวที่สำคัญ
190,หาดสิชล,601875.000,995625.000,หาดทราย,สิชล,สิชล,นครศรีธรรมราช,ทัศนียภาพสวยงามเป็นแหล่งท่องเที่ยวที่สำคัญ
191,หาดขนอม,596600.000,1016650.000,หาดทราย,ขนอม,ขนอม,นครศรีธรรมราช,ทัศนียภาพสวยงามเป็นแหล่งท่องเที่ยวที่สำคัญ
192,เขาอกทะลุ,620475.000,843150.000,ภูเขา,ขะขันธ์,เมือง,พัทลุง,ทัศนียภาพสวยงามเป็นแหล่งท่องเที่ยวที่สำคัญและเป็นเอกลักษณ์ของท้องถิ่น
193,น้ำตกบ้านโตน,599500.000,827400.000,น้ำตก,ลำสินธ์,เมือง,พัทลุง,ทัศนียภาพสวยงามเป็นแหล่งท่องเที่ยวที่สำคัญ
194,น้ำตกหม่อมจุ้ย,614900.000,801850.000,น้ำตก,ตะโหมด,ตะโหมด,พัทลุง,ทัศนียภาพสวยงามเป็นแหล่งท่องเที่ยวที่สำคัญ
195,ทะเลน้อย,627225.000,860850.000,"หนอง,บึง",พนางตุง,ควนขนุน,พัทลุง,เป็นหนองน้ำขนาดใหญ่ที่เชื่อมกับทะเลมีทัศนียภาพสวยงามเป็นแหล่งท่องเที่ยวที่สำคัญ
196,เกาะหนู-เกาะแมว,676650.000,800000.000,เกาะ,-,เมือง,สงขลา,ทัศนียภาพสวยงามเป็นแหล่งท่องเที่ยวที่สำคัญ
197,เขาตังกวน-เขาน้อย,676300.000,797200.000,ภูเขา,บ่อยาง,เมือง,สงขลา,เป็นสถานที่มีความสำคัญทางประวัติศาตร์
198,น้ำตกโตนงาช้าง,635625.000,767525.000,น้ำตก,ทุ่งตำเสา,หาดใหญ่,สงขลา,ทัศนียภาพสวยงามเป็นแหล่งท่องเที่ยวที่สำคัญ
199,น้ำตกบริพัตร,627825.000,772725.000,น้ำตก,เขาพระ,รัตภูมิ,สงขลา,ทัศนียภาพสวยงามเป็นแหล่งท่องเที่ยวที่สำคัญ
200,ทะเลสาบสงขลา,672725.000,793175.000,ทะเลสาบ,-,เมือง,สงขลา,เป็นทะเลสาปขนาดใหญ่ทัศนียภาพสวยงามเป็นแหล่งท่องเที่ยวที่สำคัญของจังหวัด
201,อุทยานนกน้ำคูขุด,655658.066,824669.549,"หนอง,บึง",คูขุด,สทิงพระ,สงขลา,เป็นที่อยู่อาศัยของนกน้ำจำนวนมาก
202,หาดปากบางสะกอม,702963.290,768819.360,หาดทราย,สะกอม,เทพา,สงขลา,ทัศนียภาพสวยงามเป็นแหล่งท่องเที่ยวที่สำคัญ
203,หาดสมิหลา,676800.000,797600.000,หาดทราย,บ่อยาง,เมือง,สงขลา,ทัศนียภาพสวยงามเป็นแหล่งท่องเที่ยวที่สำคัญของจังหวัด
204,หาดเก้าเส้ง,679400.000,794150.000,หาดทราย,บอยาง,เมือง,สงขลา,ทัศนียภาพสวยงามเป็นแหล่งท่องเที่ยวที่สำคัญ
205,หาดม่วงงาม,664571.541,813178.690,หาดทราย,ม่วงงาม,กิ่งอ.สิงหนคร,สงขลา,ทัศนียภาพสวยงามเป็นแหล่งท่องเที่ยวที่สำคัญ
206,แหลมสนอ่อน,674600.000,798900.000,หาดทราย,บ่อยาง,เมือง,สงขลา,ทัศนียภาพสวยงามเป็นที่ประดิษฐานอนุสาวรีย์กรมหลวงชุมพรเขตอุดมสักดิ์
207,น้ำตกทรายขาว,731950.000,736100.000,น้ำตก,-,โคกโพธิ์,ปัตตานี,ทัศนียภาพสวยงามเป็นแหล่งท่องเที่ยวที่สำคัญ
208,หาดรัชดาภิเษก (หาดสายหมอ),734168.238,758648.167,หาดทราย,บางเขา,หนองจิก,ปัตตานี,ทัศนียภาพสวยงามเป็นแหล่งท่องเที่ยวที่สำคัญ
209,หาดแฆแฆ,782725.000,757175.000,หาดทราย,น้ำบ่อ,ปะนาเระ,ปัตตานี,เป็นชายหาดที่เกิดจากโขดหินแกรนิตที่ชายหาดทัศนียภาพสวยงามเป็นแหล่งท่องเที่ยวที่สำคัญ
210,หาดชลาลัย,774400.000,760150.000,หาดทราย,ปะนาเระ,ปะนาเระ,ปัตตานี,ทัศนียภาพสวยงามเป็นแหล่งท่องเที่ยวที่สำคัญ
211,หาดตะโละกาโปร์,763900.000,763200.000,หาดทราย,ตะโละกาโปร์,ยะหริ่ง,ปัตตานี,ทัศนียภาพสวยงามเป็นแหล่งท่องเที่ยวที่สำคัญ
212,แหลมตาชี (แหลมโพธิ์),754000.000,768500.000,หาดทราย,แหลมโพธิ์,ยะหริ่ง,ปัตตานี,ทัศนียภาพสวยงามเป็นเอกลักษณ์ของท้องถิ่น
213,ถ้ำคูหาภิมุข,746850.000,721625.000,ถ้ำ,หน้าถ้ำ,เมือง,ยะลา,เป็นสถานที่ศักดิ์สิทธิ์ที่มีประโยชน์ทางโบราณคดี
214,ถ้ำกระแซง,743300.000,687600.000,ถ้ำ,บันนังสตา,บันนังสตา,ยะลา,เป็นเอกลักษณ์ของท้องถิ่น
215,น้ำตกสุขทาลัย (น้ำตกถือลอง),761442.978,698641.291,น้ำตก,ตลิ่งชัน,บันนังสตา,ยะลา,ทัศนียภาพสวยงามเป็นเอกลักษณ์ของท้องถิ่น
216,น้ำตกธารโต,739400.000,684550.000,น้ำตก,ธารโต,ธารโต,ยะลา,ทัศนียภาพสวยงามเป็นแหล่งท่องเที่ยวที่สำคัญ
217,น้ำตกละอองรุ้ง,741579.043,663405.761,น้ำตก,แม่หวาด,ธารโต,ยะลา,ทัศนียภาพสวยงามเป็นแหล่งท่องเที่ยวที่สำคัญ
218,ถ้ำโต๊ะโม๊ะ,800203.141,642303.553,ถ้ำ,ภูเขาทอง,สุคิริน,นราธิวาส,เป็นถ้ำที่มีการทำเหมืองทองคำในประเทศไทยมีประโยชน์ในด้านการศึกษาค้นคว้าทางภูมิศาสตร์
219,น้ำตกฉัตรวารินทร์,813682.209,675068.383,น้ำตก,โต๊ะเด็ง,สุไหงปาดี,นราธิวาส,ทัศนียภาพสวยงามเป็นแหล่งท่องเที่ยวที่สำคัญ
220,น้ำตกบาโจ (น้ำตกปาโจ),791620.336,718738.156,น้ำตก,บาเจาะ,บาเจาะ,นราธิวาส,ทัศนียภาพสวยงามเป็นแหล่งท่องเที่ยวที่สำคัญ
221,น้ำตกซีโป,792147.004,693674.845,น้ำตก,เฉลิม,ระแงะ,นราธิวาส,ทัศนียภาพสวยงามเป็นแหล่งท่องเที่ยวที่สำคัญ
222,หาดนราทัศน์,811980.182,713708.280,หาดทราย,บางนาค,เมือง,นราธิวาส,เป็นหาดทรายสีขาวสะอาดทัศนียภาพสวยงาม
223,ถ้ำพระขยางค์,474725.000,1141225.000,ถ้ำ,ลำเลียง,กระบุรี,ระนอง,ทัศนียภาพสวยงามเป็นแหล่งท่องเที่ยวที่สำคัญ
224,น้ำตกหงาว,459975.000,1089150.000,น้ำตก,หงาว,เมือง,ระนอง,ทัศนียภาพสวยงามเป็นแหล่งท่องเที่ยวที่สำคัญ
225,น้ำตกปุญญบาล,464175.000,1112175.000,น้ำตก,นิเวศน์,เมือง,ระนอง,ทัศนียภาพสวยงามเป็นแหล่งท่องเที่ยวที่สำคัญ
226,หาดแหลมสน,441575.000,1062700.000,หาดทราย,ม่วงกลาง,กะเปอร์,ระนอง,เป็นหาดทรายขาวสะอาดทัศนียภาพสวยงามเป็นแหล่งท่องเที่ยวที่สำคัญ
227,หาดประพาส,433800.000,1036850.000,หาดทราย,กำพวน,กะเปอร์,ระนอง,เป็นหาดทรายขาวสะอาดทัศนียภาพสวยงามเป็นแหล่งท่องเที่ยวที่สำคัญ
228,บ่อน้ำร้อนแร่ธรรมชาติ,462000.000,1100525.000,โป่งน้ำพุร้อน,หาดส้มแป้น,เมือง,ระนอง,เป็นบ่อน้ำพุร้อนที่สวยงามเป็นแหล่งท่องเที่ยวที่สำคัญและเป็นเอกลักษณ์ของท้องถิ่น
229,เขาพิงกัน-เขาตะปู,445355.366,914311.577,เกาะ,กระโสม,ตะกั่วทุ่ง,พังงา,เป็นเกาะที่เกิดจากภูเขาหินปูนอยู่กลางทะเลเป็นแหล่งท่องเที่ยวที่สำคัญและเป็นเอกลักษณ์ของท้องถิ่น
230,ถ้ำสุวรรณคูหา,442225.000,931575.000,ถ้ำ,กระโสม,ตะกั่วทุ่ง,พังงา,เป็นถ้ำที่สวยงามและมีความสำคัญทางประวัติศาสตร์และศาสนา
231,ถ้ำพุงช้าง,446857.870,933268.811,ถ้ำ,ท้ายช้าง,เมือง,พังงา,เป็นถ้ำที่สวยงาม
232,ถ้ำลอด,443250.000,914225.000,ถ้ำ,เกาะปันหยี,เมือง,พังงา,ทัศนียภาพสวยงามเป็นแหล่งท่องเที่ยวที่สำคัญ
233,น้ำตกลำปี,421300.000,935252.000,น้ำตก,ท้ายเหมือง,ท้ายเหมือง,พังงา,ทัศนียภาพสวยงามเป็นแหล่งท่องเที่ยวที่สำคัญ
234,อ่าวไม้งาม,374475.000,1044750.000,หาดทราย,-,คุระบุรี,พังงา,ทัศนียภาพสวยงามเป็นแหล่งท่องเที่ยวที่สำคัญ
235,อ่าวแม่ยาย,376575.000,1045700.000,หาดทราย,-,คุระบุรี,พังงา,เป็นอ่าวที่แวดล้อมด้วยหมู่เกาะมีความสวยงาม
236,หาดท้ายเหมือง,418000.000,926000.000,หาดทราย,ท้ายเหมือง,ท้ายเหมือง,พังงา,เป็นหาดทรายขาวสะอาดทัศนียภาพสวยงามเป็นแหล่งท่องเที่ยวที่สำคัญ
237,น้ำตกโตนไทร,430825.000,887425.000,น้ำตก,เทพา,ถลาง,ภูเก็ต,ทัศนียภาพสวยงามเป็นแหล่งท่องเที่ยวที่สำคัญ
238,หาดไนยาง,422850.000,894125.000,หาดทราย,สาคู,ถลาง,ภูเก็ต,ทัศนียภาพสวยงามเป็นแหล่งท่องเที่ยวที่สำคัญ
239,หาดป่าตอง,422692.553,872871.755,หาดทราย,ป่าตอง,กะทู้,ภูเก็ต,ทัศนียภาพสวยงามเป็นแหล่งท่องเที่ยวที่สำคัญ
240,หาดสุรินทร์,420742.599,881246.793,หาดทราย,เชิงทะเล,กะทู้,ภูเก็ต,ทัศนียภาพสวยงามมีโขดหินแกรนิตทางด้านเหนือ-ใต้ของชายหาด
241,หาดไนหาน,423592.827,859516.262,หาดทราย,ราไวย์,เมือง,ภูเก็ต,ทัศนียภาพสวยงามเป็นจุดที่มองเห็นพระอาทิตย์ตกดิน
242,เขารัง,431117.548,873047.371,ภูเขา,รัษฎา,เมือง,ภูเก็ต,เป็นภูเขาโดดล้อมรอบด้วยบ้านเรือน
243,แหลมพรหมเทพ,425000.000,857825.000,ภูเขา,ราไวย์,เมือง,ภูเก็ต,ทัศนียภาพสวยงามเป็นเอกลักษณ์ของท้องถิ่น
244,เกาะพีพีเล-เกาะพีพีดอน,474825.000,848700.000,เกาะ,อ่าวนาง,เมือง,กระบี่,ทัศนียภาพสวยงามเป็นเอกลักษณ์ของท้องถิ่น
245,เขาขนาบน้ำ,491636.113,892855.711,ภูเขา,ปากน้ำ,เมือง,กระบี่,ทัศนียภาพสวยงามเป็นเอกลักษณ์ของท้องถิ่น
246,ถ้ำพระนางใน,482725.000,884719.600,ถ้ำ,อ่าวนาง,เมือง,กระบี่,ทัศนียภาพสวยงามเป็นสถานที่ศักดิ์สิทธิ์
247,ถ้ำเสด็จ,485312.000,896119.600,ถ้ำ,ไสไทย,เมือง,กระบี่,ทัศนียภาพสวยงามรัชกาลที่ 6 เคยเสด็จผ่านและพักเสวยพระกระยาหารกลางวันที่นี่จึงมีชื่อว่าถ้ำเสด็จ
248,ถ้ำไวกิ้ง,474250.000,849125.000,ถ้ำ,อ่าวนาง,เมือง,กระบี่,ทัศนียภาพสวยงามมีภาพเขียนก่อนประวัติศาสตร์สัญลักษณ์คล้ายเรือไวกิ้ง
249,อ่าวพระนาง,480025.000,887844.600,ชายหาด,อ่าวนาง,เมือง,กระบี่,เป็นหาดทรายขาวสะอาดทัศนียภาพสวยงามเป็นแหล่งท่องเที่ยวที่สำคัญ
250,สุสานหอย 75 ล้านปี,486490.220,886293.453,แหล่งที่มีซากดึกดำบรรพ์,อ่าวนาง,เมือง,กระบี่,เป็นแหล่งซากดึกดำบรรพ์มีประโยชน์ในด้านภูมิศาสตร์และวิทยาศาสตร์
251,ถ้ำผีหัวโต,465819.613,925271.038,ถ้ำ,อ่าวสักใต้,อ่าวลึก,กระบี่,มีภาพเขียนก่อนประวัติศาสตร์บนฝาผนังถ้ำ
252,ถ้ำเพชร,474500.000,927725.000,ถ้ำ,อ่าวลึกเหนือ,อ่าวลึก,กระบี่,เป็นถ้ำที่มีหินงอกหินย้อยที่สวยงาม
253,ถ้ำเขาปินะ,558375.000,856325.000,ถ้ำ,นาวง,ห้วยยอด,ตรัง,เป็นถ้ำที่มีความสำคัญทางประวัติศาสตร์
254,น้ำตกโตนเต๊ะ,592450.000,806650.000,น้ำตก,ปะเหลีย,ปะเหลียน,ตรัง,เป็นน้ำตกที่เกิดจากเทือกเขาบรรทัดมีความสวยงามมาก
255,ทะเลสองห้อง,553050.000,867000.000,"หนอง,บึง",บางดี,ห้วยยอด,ตรัง,เป็นแอ่งน้ำ 2 แอ่งติดกันมีความสวยงามมาก
256,หาดเจ้าไหม,542375.000,810000.000,หาดทราย,ไม้ฝาด,กันตัง,ตรัง,เป็นหาดทรายละเอียดมีความสวยงามมาก
257,หาดปากเมง,536000.000,828000.000,หาดทราย,ไม้ฟาด,สิเกา,ตรัง,เป็นหาดทรายมีความสวยงามมาก
258,เกาะไข่ (เกาะตะรุเตา),550475.000,726500.000,เกาะ,-,เมือง,สตูล,เป็นเกาะที่สวยงามรูปหินโค้งเป็นสัญลักษณ์การท่องเที่ยวที่สำคัญของจังหวัดสตูล
259,ผาโต๊ะบู (เกาะตะรุเตา),572425.000,741400.000,ภูเขา,-,เมือง,สตูล,เป็นหน้าผาที่สวยงามมีประโยชน์ในการค้นคว้าทางภูมิสัณฐานของหิน
260,อ่าวพันเตมะละกา (เกาะนุรุเตา),571000.000,740000.000,หาดทราย,-,เมือง,สตูล,เป็นชายหาดขาวและเป็นแหล่งท่องเที่ยวที่สำคัญ
261,หาดหินงาม (เกาะตะรุเตา),534000.000,718000.000,หาดหิน,-,เมือง,สตูล,เป็นหาดหินที่มีความสวยงามและเป็นเอกลักษณ์ของท้องถิ่น
262,หาดปากบารา,581425.000,756900.000,หาดทราย,ปากน้ำ,ละงู,สตูล,เป็นหาดที่เกิดจากการทับถมของทรายมีความสวยงาม
263,หาดราไว,574250.000,773875.000,หาดทราย,ขอนคลาน,ทุ่งหว้า,สตูล,เป็นชายหาดขาวและเป็นแหล่งท่องเที่ยวที่สำคัญ
103,น้ำตกพลิ้ว,846219.313,1386809.125,น้ำตก,พลิ้ว,แหลมสิงห์,จันทบุรี,ทัศนียภาพสวยงามเป็นแหล่งท่องเที่ยวที่สำคัญและเกี่ยวข้องกับประวัติศาสตร์
104,น้ำตกกระทิง,839504.313,1420998.125,น้ำตก,พลวง,มะขาม,จันทบุรี,ทัศนียภาพสวยงามเป็นแหล่งท่องเที่ยวที่สำคัญ
107,แหลมสิงห์,833532.688,1381543.875,หาดทราย,ปากน้ำแหลมสิงห์,แหลมสิงห์,จันทบุรี,เป็นเอกลักษณ์ของท้องถิ่นและเกี่ยวข้องกับประวัติศาสตร์
108,หาดทรายแก้ว,909536.625,1332986.375,หาดทราย,แหลมค้อ,เมือง,ตราด,เป็นเอกลักษณ์ของท้องถิ่น
109,หาดบานชื่น,912050.938,1318693.250,หาดทราย,ไม้รูด,คลองใหญ่,ตราด,ทัศนียภาพสวยงามเป็นแหล่งท่องเที่ยวที่สำคัญ
110,หาดสุขสำราญ,912377.063,1320979.000,หาดทราย,ไม้รูด,คลองใหญ่,ตราด,ทัศนียภาพสวยงามเป็นแหล่งท่องเที่ยวที่สำคัญ
111,อ่าวตาลคู่,857109.188,1350804.625,หาดทราย,บางปิด,แหลมงอบ,ตราด,ทัศนียภาพสวยงามเป็นแหล่งท่องเที่ยวที่สำคัญ
112,แหลมงอบ,869447.563,1347274.375,หาดทราย,แหลมงอบ,แหลมงอบ,ตราด,เป็นเอกลักษณ์ของท้องถิ่นและมีท่าเทียบเรือที่สำคัญ
113,เสาหินเหลี่ยม,866435.063,1392273.500,สัณฐานอื่นๆที่มีความสำคัญทางธรณีสัณฐานวิทยา,ประณีต,เขาสมิง,ตราด,"เป็นแหล่งศึกษาทางวิทยาศาสตร์,ธรณ๊วิทยา,ภูมิศาสตร์,โบราณคดี,"
116,น้ำตกตาดโตน,824889.000,1767634.000,น้ำตก,นาฝอย,เมือง,ชัยภูมิ,แหล่งท่องเที่ยวสำคัญของจังหวัดและของภาคตะวันออกเฉียงเหนือ
117,หนองแวง,851427.063,1763470.125,"หนอง,บึง",คอนสวรรค์,คอนสวรรค์,ชัยภูมิ,เป็นเขตรักษาพันธ์สัตว์ป่าจำพวกนก
120,แก่งฟ้า,904055.313,1807032.875,แก่ง,ท่าพระ,เมือง,ขอนแก่น,เป็นเอกลักษณ์ของท้องถิ่นและเป็นแหล่งน้ำธรรมชาติ
121,บึงแก่นนคร,910309.750,1818287.625,"หนอง,บึง",-,เมือง,ขอนแก่น,เป็นสถานที่พักผ่อนและสวนสาธารณะที่สำคัญที่สุดของจังหวัด
124,ถ้ำเอราวัณ,834788.313,1919398.375,ถ้ำ,วังทอง,นากลาง,อุดรธานี,แหล่งท่องเที่ยวสำคัญของจังหวัด
125,น้ำตกยูงทอง,844928.938,1984575.000,น้ำตก,นายูง,กิ่ง อ.น้ำโสม,อดรธานี,เป็นเอกลักษณ์ของท้องถิ่น
126,น้ำตกเฒ่าโต้,872697.625,1808237.125,น้ำตก,หนองบัว,หนองบัวลำภู,อุดรธานี,เป็นเอกลักษณ์ของท้องถิ่น
127,หอนางอุษา,866343.000,1962312.750,สัณฐานอื่นๆที่มีความสำคัญทางธรณีสัณฐานวิทยาและภูมิลักษณ-วรรณนา,เมืองพาน,บ้านผือ,อุดรธานี,แหล่งโบราณสถานเชื่อว่าเคยเป็นที่ประกอบพิธีทางศาสนาระหว่างพุทธสตวรรษที่ 13-16
128,ภูทอก,1017248.563,2011668.625,ภูเขา,นาแสง,บึงกาฬ,หนองคาย,แหล่งท่องเที่ยวสำคัญของจังหวัดและเป็นที่ปฏิบัติธรรมของชาวบ้านและพุทธศาสนิกชน
129,น้ำตกเจ็ดสีภูวัว,1024915.500,2014328.125,น้ำตก,บ้านต้อง,บึงกาฬ,หนองคาย,เป็นเอกลักษณ์ของท้องถิ่น
130,น้ำตกธารทอง,856665.750,1996191.500,น้ำตก,ผาตั้ง,สังคม,หนองคาย,แหล่งท่องเที่ยวสำคัญของจังหวัด
131,น้ำตกธารทิพย์ (น้ำตกตาดเสริม),838750.188,2006119.375,น้ำตก,บ้านม่วง,สังคม,หนองคาย,เป็นเอกลักษณ์ของท้องถิ่น
138,ถ้ำพระทอง,979900.438,1912500.625,ถ้ำ,ค้อเขียว,วาริชภูมิ,สกลนคร,เป็นสถานที่ปฏิบัติธรรมของพระสงฆ์
139,น้ำตกคำหอม,1030680.614,1901986.256,น้ำตก,ห้วยยาง,เมือง,สกลนคร,แหล่งท่องเที่ยวสำคัญของจังหวัด
140,น้ำตกตาดโตน,1032625.368,1900804.895,น้ำตก,ห้วยยาง,เมือง,สกลนคร,เป็นน้ำตกที่อยู่ภายในเขตพระตำหนักภูพานราชนิเวศน์
141,หนองหาน,1051300.500,1911057.500,"หนอง,บึง",-,เมือง,สกลนคร,เป็นแหล่งน้ำขนาดใหญ่ที่สุดในภาคตะวันออกเฉียงเหนือ
142,ถ้ำพระเวทย์,1083571.875,1874187.250,ถ้ำ,นาแก,นาแก,นครพนม,"เคยเป็นที่วิปัสนากรรมฐานของ   หลวงปู่ฝั้น อาจาโร,หลวงปู่แหวน สุจิณโณ,หลวงปู่มั่น ถูริทัตโต,หลวงตามหา"
143,น้ำตกตาดขาม,1045710.688,1992315.250,น้ำตก,นางัว,บ้านแพง,นครพนม,แหล่งท่องเที่ยวและแหล่งธรรมชาติศึกษา
144,น้ำตกตาดโพธิ์,1045503.875,1996375.250,น้ำตก,ไผ่ล้อม,บ้านแพง,นครพนม,แหล่งท่องเที่ยวและแหล่งธรรมชาติศึกษา
145,บึงใหญ่,1110879.875,1882380.375,"หนอง,บึง",ธาตุพนม,ธาตุพนม,นครพนม,เป็นสถานที่พักผ่อนหย่อนใจและสวนสุขภาพ
146,แก่งกะเบา,1112314.750,1865815.000,แก่ง,โป่งขาน,กิ่ง อ.หว้านใหญ่,มุกดาหาร,แหล่งท่องเที่ยวสำคัญริมฝั่งแม่น้ำโขง
147,ภูผาเทิบ,1119480.250,1824693.750,ภูเขา,นาสีนวน,เมือง,มุกดาหาร,แหล่งท่องเที่ยวที่สำคัญของจังหวัดและแหล่งธรรมชาติศึกษา
148,ภูถ้ำพระ,1117723.500,1824616.500,ภูเขา,นาสีนวน,เมือง,มุกดาหาร,แหล่งท่องเที่ยวที่สำคัญของจังหวัด
149,ถ้ำฝ่ามือแดง,1113666.250,1825852.750,ถ้ำ,นาสีนวน,เมือง,มุกดาหาร,"มีภาพเขียนสมัยก่อนประวัติศาสตร์อายุประมาณ 5,000 ปีและเป็นแหล่งธรรมชาติศึกษา"
150,น้ำตกตาดโตน,1069985.875,1830028.625,น้ำตก,โนนยาง,หนองสูง,มุกดาหาร,เป็นเอกลักษณ์ของท้องถิ่น
151,ภูสิงห์,982014.250,1854164.250,ภูเขา,โนนบุรี,สหัสขันธ์,กาฬสินธุ์,เป็นสถานที่พักผ่อนหย่อนใจมองเห็นทิวทัศน์ในเขื่อนลำปาว
152,ภูปอ,994205.500,1843221.125,ภูเขา,ภูปอ,เมือง,กาฬสินธุ์,เป็นที่ประดิษฐานพระพุทธรูปปางไสยาสน์ 2 องคืฝีมือช่างเผ่าลัวะสมัยทวารวดี
153,น้ำตกตาดทอง,1047124.313,1858967.000,น้ำตก,หนองผือ,เขาวง,กาฬสินธุ์,เป็นเอกลักษณ์ของท้องถิ่น
154,สะพานหิน,1055772.125,1835178.375,ภูเขา,กุดหว้า,กุฉินนารายณ์,กาฬสินธุ์,เป็นเอกลักษณ์ของท้องถิ่นและเป็นแหล่งศึกษาธรรมชาติ
155,หนองบัว,959153.313,1808656.000,"หนอง,บึง",โคกพระ,กันทรวิชัย,มหาสารคาม,"เป็นอ่างเก็บน้ำเพื่อใช้ทำน้ำประปา,เพื่อเพาะปลูกและเป็นที่จัดงานลอยกระทงทุกปี"
156,หินร่อง,918021.625,1795420.500,ลานหิน,ดอนกลาง,โกสุมพิสัย,มหาสารคาม,เป็นลานบุญบ้องไฟขอฝนของชาวบ้านเป็นบางครั้งในฤดูแล้ง
157,ผาน้ำย้อย,1070708.250,1817545.125,ภูเขา,ผาน้ำย้อย,หนองพอก,ร้อยเอ็ด,เป็นที่สรงน้ำพระในช่วงสงกรานต์และบนยอดเขาเขียวเหนือผาน้ำย้อยกำลังสร้างพระมหาเจดีย์ชัยบาดาล
158,บึงพลาญชัย,998312.063,1780565.500,"หนอง,บึง",เทศบาลเมือง,เมือง,ร้อยเอ็ด,แหล่งท่องเที่ยวที่สำคัญของและเป็นเอกลักษณ์ของจังหวัด
159,ภูถ้ำพระ,1094913.875,1807510.500,ภูเขา,กุดเชียงหมี,เลิงนกทา,ยโสธร,เป็นที่บำเพ็ญสมาธิของพระภิกษุ  สามเณร และแม่ชี
162,บึงกระโทก,842423.875,1630617.375,"หนอง,บึง",กระโทก,โชคชัย,นครราชสีมา,"เป็นเอกลักษณ์ของท้องถิ่นมีชื่อเป็นทางการว่า""บึงโชคชัย"""
163,ถ้ำวัวแดง,854314.625,1602910.500,ถ้ำ,ท่าแซะ,ครบุรี,นครราชสีมา,เป็นสถานที่ปฏิบัติธรรมของพระสงฆ์และชาวบ้านเชื่อว่าเป็นสถานที่ศักดิ์สิทธิ์มีหลวงปู่โลกอุดรคุ้มครองอยู
164,ภูกระโดง,941033.938,1655196.125,ภูเขา,เสม็ด,เมือง,บุรีรัมย์,เป็นที่ประดิษฐานพระพุทธรูปคู่บ้านคู่เมืองบุรีรัมย์และเป็นแหล่งศึกษาธรรมชาติ
165,ภูพนมรุ้ง,925238.813,1610556.375,ภูเขา,ตาเป๊ก,เฉลิมพระเกียรติ์,บุรีรัมย์,เป็นที่ตั้งของปราสาทพนมรุ้งซึ่งเป็นสถานที่ท่องเที่ยวสำคัญของประเทศ
166,ภูพระอังคาร,912123.313,1611162.875,ภูเขา,เจริญสุข,นางรอง,บุรีรัมย์,เป็นสถานที่สำคัญทางพระพุทธศาสนาของจังหวัด
167,มออีแดง,1112941.625,1598794.375,ภูเขา,เสาธงชัย,กันทรลักษณ์,ศรีสะเกษ,เป็นจุดชมทัศนียภาพทิวเขาพนมดงรัก
168,น้ำตกสำโรงเกียรติ (น้ำตกปีศาจ),1092003.250,1612890.375,น้ำตก,บักคอง,ขุนหาญ,ศรีสะเกษ,แหล่งท่องเที่ยวที่สำคัญของจังหวัด
169,น้ำตกห้วยจันทร์,1079184.375,1612351.875,น้ำตก,ห้วยจันทร์,ขุนหาญ,ศรีสะเกษ,เป็นเอกลักษณ์ของท้องถิ่นทัศนียภาพสวยงามและเกี่ยวข้องกับประวัติศาสตร์
170,หนองไพรบึง,1078051.625,1638939.500,"หนอง,บึง",ไพรบึง,ไพรบึง,ศรีสะเกษ,"เป็นแหล่งน้ำความจุ 300,000 ลูกบาศก์เมตรสำหรับราษฏร 400 ครอบครัวพื้นที่เกษตรกรรม 1,000 ไร่"
171,แก่งสะพือ,1171991.750,1695148.000,แก่ง,พิบูลมังสาหาร,พิบูลมังสาหาร,อุบลราชธานี,แหล่งท่องเที่ยวที่สำคัญของจังหวัด
172,แก่งตะนะ,1196572.625,1702218.375,แก่ง,คำเถื่อนแก้ว,โขงเจียม,อุบลราชธานี,แหล่งท่องเที่ยวที่สำคัญของจังหวัด
173,ผาแต้ม,1202345.125,1713575.500,สัณฐานอื่นๆที่มีความสำคัญทางธรณีสัณฐานวิทยาและภูมิลักษณ-วรรณนา,ห้วยไผ่,โขงเจียม,อุบลราชธานี,เป็นอุทยานแห่งชาติแห่งแรกในประเทศไทยและมีภาพเขียนสีที่โบราณที่สุดในประเทศไทย
174,เสาเฉลียง,1200350.875,1715608.125,สัณฐานอื่นๆที่มีความสำคัญทางธรณีสัณฐานวิทยา,ห้วยไผ่,โขงเจียม,อุบลราชธานี,เป็นหลักฐานทางธรณีวิทยาว่าบริเวณนี้เคยเป็นทะเลมาก่อน
175,หนองสามขา,1088976.375,1741830.625,"หนอง,บึง",รัตนวารี,หัวสะพาน,อุบลราชธานี,เป็นแหล่งน้ำดิบเพื่อการประปาและจับสัตว์น้ำของชาวบ้าน
